catchment,test_nse
Group2,-2.7121481895446777
Group1,-2.503939390182495
Group3,0.2954251766204834
Group5,-0.11089158058166504
Group7,0.18085044622421265
Group11,-0.9775785207748413
