catchment,test_nse
Group2,-2.1035923957824707
Group1,-2.0194191932678223
Group3,0.06438523530960083
Group5,-0.09794104099273682
Group7,-0.011500239372253418
Group11,-0.8777531385421753
