catchment,test_nse
Group2,-1.0555763244628906
Group1,-2.1314446926116943
Group3,0.16103827953338623
Group5,-0.663488507270813
Group7,-0.14316630363464355
Group11,-1.8062362670898438
