catchment,test_nse
Group2,-0.43228065967559814
Group1,-3.1781110763549805
Group3,0.5450218319892883
Group5,-0.8484050035476685
Group7,0.6458251476287842
Group11,-1.1604225635528564
