catchment,test_nse
Group2,-2.039186716079712
Group1,-2.545650005340576
Group3,0.47425323724746704
Group5,-0.12300407886505127
Group7,0.10286414623260498
Group11,-1.21665358543396
